,start,end,test,project_site,restoration_site,restoration_site/nursery_kirui,restoration_site/transplanting_kirui_shangani,restoration_site/transplanting_kirui_corner,restoration_site/transplanting_kirui_exp,restoration_site/nursery_kigombe,restoration_site/transplanting_kigombe_taa,restoration_site/transplanting_kigome_makome,restoration_site/nursery_msuka,restoration_site/transplanting_msuka_panga_punge,restoration_team,restoration_team/shabani,restoration_team/burhani,restoration_team/phares,restoration_team/adam,restoration_team/yusuf,restoration_team/omary,restoration_team/nusra,restoration_team/gerad,restoration_team/abbakar,restoration_team/jean,restoration_team/pagu,restoration_team/jumbe,restoration_team/mwindadi,restoration_team/athumani,restoration_team/ben,restoration_team/mbarouk_hamad,restoration_team/rashid_said,restoration_team/hemeduni_abdalla,number_of_other_participants,Date,Start_time,End_time,tide,Site_depth,water_temperature,water_clarity,select_activity,select_activity/fragmentation,select_activity/transplantation,select_activity/monitoring,select_activity/cleaning_and_maintaining,number_of_fragments_on_tables,number_of_tables_installed,number_of_fragments_transplanted,number_of_reef_stars_installed,number_of_reef_stars_installed_001,number_of_fence_wires_installed,number_of_fence_wires_installe,number_of_fence_wires_installe_001,number_of_tables_monitored,number_of_tables_cleaned,total_tables_on_nursery_to_date,total_fragments_on_nursery_to_date,total_fragments_deployed_to_date,total_reef_starts_deployed_to_date,total_reef_starts_deployed_to_,total_fence_wires_deployed_to_date,total_fence_wires_deployed_to_,total_fragments_transpalated_to_date,Remacks_comments_observations,Add_photos,Add_video,_id,_uuid,_submission_time,_validation_status,_notes,_status,_submitted_by,__version__,_tags,meta/rootUuid,_index
0,2026-07-06T19:52:43.300+03:00,2026-07-10T19:02:18.908+03:00,no,moa,nursery_kirui,1.0,0.0,0.0,0.0,0.0,0.0,0.0,0.0,0.0,phares adam yusuf omary nusra hemeduni_abdalla,0,0,1,1,1,1,1,0,0,0,0,0,0,0,0,0,0,1,0,2026-07-06,09:30:00.000+03:00,01:00:00.000+03:00,falling,9,27,6,cleaning_and_maintaining,0,0,0,1,,,,,,,,,,6.0,48,10520,2249,305,3965,6,3500,9714,,,,803631047,579336da-6c8e-4fc1-98f7-ff8ace9a965d,2026-07-06T17:14:31,,,submitted_via_web,wcs_tanzania,v55AV6dH7kjPAvdHKtEVVG,,uuid:eb086f57-a704-4efc-a15a-f61cc9de615b,1
1,2026-07-08T15:09:58.366+03:00,2026-07-08T16:21:10.990+03:00,no,moa,nursery_kirui,1.0,0.0,0.0,0.0,0.0,0.0,0.0,0.0,0.0,phares adam yusuf omary nusra hemeduni_abdalla,0,0,1,1,1,1,1,0,0,0,0,0,0,0,0,0,0,1,0,2026-07-08,11:30:00.000+03:00,14:30:00.000+03:00,falling,8,26,7,fragmentation,1,0,0,0,168.0,4.0,,,,,,,,,48,10688,2249,305,3965,6,3500,9714,"Transplanted started at April,2026 for Kirui Shangani and May,2026 for Kirui corner",,,805337414,81e06e4e-2c8d-423a-9066-8acdd02fff7c,2026-07-08T13:21:52,,,submitted_via_web,wcs_tanzania,vCkHvrKwcRQ5DbaMoYkkd6,,uuid:81e06e4e-2c8d-423a-9066-8acdd02fff7c,2
2,2026-07-09T17:38:54.031+03:00,2026-07-10T18:55:31.559+03:00,no,moa,nursery_kirui,1.0,0.0,0.0,0.0,0.0,0.0,0.0,0.0,0.0,phares adam yusuf omary nusra hemeduni_abdalla,0,0,1,1,1,1,1,0,0,0,0,0,0,0,0,0,0,1,1,2026-07-09,10:00:00.000+03:00,13:30:00.000+03:00,falling,9,26,7,fragmentation,1,0,0,0,280.0,4.0,,,,,,,,,48,10968,2249,305,3965,6,3500,9714,,P5060091-17_48_57.JPG,,806506452,a2f65acf-c7f4-4edf-afae-93e5ae116b85,2026-07-09T14:52:46,,,submitted_via_web,wcs_tanzania,vqNFtU5FCbU6qmGgWH2f6a,,uuid:22730a20-cf8d-4fa7-a94a-4eb023d8da89,3
3,2026-07-10T17:42:10.959+03:00,2026-07-10T18:57:44.466+03:00,no,moa,nursery_kirui,1.0,0.0,0.0,0.0,0.0,0.0,0.0,0.0,0.0,phares adam yusuf omary nusra hemeduni_abdalla,0,0,1,1,1,1,1,0,0,0,0,0,0,0,0,0,0,1,0,2026-07-10,10:00:00.000+03:00,16:00:00.000+03:00,falling,9,27,7,fragmentation,1,0,0,0,784.0,6.0,,,,,,,,,48,11752,2249,305,3965,6,3500,9714,,P5080108-17_50_58.JPG,,807657551,5c2914a0-3db5-467a-b1a7-4272176d5b12,2026-07-10T14:52:06,,,submitted_via_web,wcs_tanzania,vqNFtU5FCbU6qmGgWH2f6a,,uuid:65f95ea3-ee4c-44bc-bed9-156549361a9d,4
4,2026-07-13T12:19:41.314+03:00,2026-07-13T12:51:54.010+03:00,no,kigombe,transplanting_kigome_makome,0.0,0.0,0.0,0.0,0.0,0.0,1.0,0.0,0.0,abbakar jumbe mwindadi athumani,0,0,0,0,0,0,0,0,1,0,0,1,1,1,0,0,0,0,5,2026-07-06,12:45:00.000+03:00,15:45:00.000+03:00,rising,8,22,9,transplantation,0,1,0,0,,,250.0,0.0,0.0,250.0,0.0,0.0,,,85,12432,24013,208,2704,0,0,26717,,,,809373757,aa8f08e0-9321-4d16-a158-baaa6c5a7454,2026-07-13T09:52:22,,,submitted_via_web,wcs_tanzania,vqNFtU5FCbU6qmGgWH2f6a,,uuid:aa8f08e0-9321-4d16-a158-baaa6c5a7454,5
5,2026-07-13T12:51:54.042+03:00,2026-07-13T13:03:23.618+03:00,no,kigombe,,,,,,,,,,,abbakar jumbe mwindadi athumani,0,0,0,0,0,0,0,0,1,0,0,1,1,1,0,0,0,0,0,2026-07-08,08:30:00.000+03:00,13:00:00.000+03:00,rising,8,23,6,cleaning_and_maintaining,0,0,0,1,,,,,,,,,,8.0,8,12432,24013,208,2704,0,0,26727,,,,809385709,43a37268-be3c-440c-9f9a-511ed27f39eb,2026-07-13T10:03:26,,,submitted_via_web,wcs_tanzania,vqNFtU5FCbU6qmGgWH2f6a,,uuid:43a37268-be3c-440c-9f9a-511ed27f39eb,6
6,2026-07-13T13:03:23.647+03:00,2026-07-13T13:07:15.915+03:00,no,kigombe,transplanting_kigombe_taa,0.0,0.0,0.0,0.0,0.0,1.0,0.0,0.0,0.0,abbakar jumbe mwindadi athumani,0,0,0,0,0,0,0,0,1,0,0,1,1,1,0,0,0,0,0,2026-07-09,10:15:00.000+03:00,15:00:00.000+03:00,rising,7,23,8,cleaning_and_maintaining,0,0,0,1,,,,,,,,,,9.0,85,12432,24013,208,2704,0,0,26717,none,,,809390319,8e1528e9-df26-4dc4-a323-f28fa2409672,2026-07-13T10:07:16,,,submitted_via_web,wcs_tanzania,vqNFtU5FCbU6qmGgWH2f6a,,uuid:8e1528e9-df26-4dc4-a323-f28fa2409672,7
7,2026-07-13T13:07:15.954+03:00,2026-07-13T13:11:05.929+03:00,no,kigombe,transplanting_kigombe_taa,0.0,0.0,0.0,0.0,0.0,1.0,0.0,0.0,0.0,abbakar jumbe mwindadi athumani,0,0,0,0,0,0,0,0,1,0,0,1,1,1,0,0,0,0,0,2026-07-10,09:30:00.000+03:00,14:30:00.000+03:00,rising,8,24,5,cleaning_and_maintaining,0,0,0,1,,,,,,,,,,6.0,85,12432,24013,208,2704,0,0,26717,,,,809394701,8e4ea9ed-2706-4f45-abd8-83647806c8dd,2026-07-13T10:11:06,,,submitted_via_web,wcs_tanzania,vqNFtU5FCbU6qmGgWH2f6a,,uuid:8e4ea9ed-2706-4f45-abd8-83647806c8dd,8
8,2026-07-13T17:04:08.167+03:00,2026-07-13T17:11:24.043+03:00,no,moa,nursery_kirui transplanting_kirui_shangani,1.0,1.0,0.0,0.0,0.0,0.0,0.0,0.0,0.0,adam yusuf omary nusra pagu hemeduni_abdalla,0,0,0,1,1,1,1,0,0,0,1,0,0,0,0,0,0,1,0,2026-07-13,09:00:00.000+03:00,15:00:00.000+03:00,falling,10,26,7,fragmentation,1,0,0,0,196.0,2.0,,,,,,,,,48,11164,2249,305,3965,10,3500,9714,none,P5100134-17_11_20.JPG,,809892839,90c08df0-f81e-4a47-a016-6ff87b2ba120,2026-07-13T17:11:32,,,submitted_via_web,wcs_tanzania,vqNFtU5FCbU6qmGgWH2f6a,,uuid:90c08df0-f81e-4a47-a016-6ff87b2ba120,9
9,2026-07-08T08:48:20.511+03:00,2026-07-15T11:28:42.624+03:00,no,msuka,nursery_msuka,0.0,0.0,0.0,0.0,0.0,0.0,0.0,1.0,0.0,burhani mbarouk_hamad rashid_said,0,1,0,0,0,0,0,0,0,0,0,0,0,0,0,1,1,0,0,2026-07-06,09:00:00.000+03:00,15:00:00.000+03:00,rising,8,26,5,cleaning_and_maintaining,0,0,0,1,,,,,,,,,,15.0,60,15271,5373,240,3120,0,0,8493,we are planning to make transplanting and fragmentation in this month of July,,,810629008,726de242-1057-4ae0-8f70-7e85ae64d4ee,2026-07-14T11:08:57,,,submitted_via_web,wcs_tanzania,vCkHvrKwcRQ5DbaMoYkkd6,,uuid:a93e9bf5-9324-4d75-90bd-b552ac7eec9e,10
10,2026-07-08T09:13:17.260+03:00,2026-07-15T11:32:42.958+03:00,no,msuka,transplanting_msuka_panga_punge,0.0,0.0,0.0,0.0,0.0,0.0,0.0,0.0,1.0,shabani burhani,1,1,0,0,0,0,0,0,0,0,0,0,0,0,0,0,0,0,0,2026-07-08,08:00:00.000+03:00,16:00:00.000+03:00,rising,9,26,6,transplantation,0,1,0,0,,,500.0,0.0,0.0,500.0,0.0,0.0,,,60,15271,5873,250,3250,0,0,9123,The transplanting activities going on though we have challenge of epoxy for fragmentation,,,810679559,e3e2e2d0-c008-4e26-a706-3b66836a23df,2026-07-14T11:55:04,,,submitted_via_web,wcs_tanzania,vqNFtU5FCbU6qmGgWH2f6a,,uuid:80fe4fd5-afa2-4238-8caa-700b4d003f9a,11
11,2026-07-14T17:13:43.394+03:00,2026-07-14T17:37:53.021+03:00,no,moa,nursery_kirui transplanting_kirui_shangani,1.0,1.0,0.0,0.0,0.0,0.0,0.0,0.0,0.0,adam yusuf omary nusra hemeduni_abdalla,0,0,0,1,1,1,1,0,0,0,0,0,0,0,0,0,0,1,0,2026-07-14,09:00:00.000+03:00,14:30:00.000+03:00,falling,11,26,11,fragmentation transplantation,1,1,0,0,84.0,2.0,178.0,0.0,0.0,0.0,4.0,178.0,,,48,11248,2249,305,3965,10,3678,9892,,,,810853924,e9cbce53-1311-411d-91db-4bca321a400b,2026-07-14T14:38:26,,,submitted_via_web,wcs_tanzania,vqNFtU5FCbU6qmGgWH2f6a,,uuid:e9cbce53-1311-411d-91db-4bca321a400b,12
12,2026-07-14T14:54:56.221+03:00,2026-07-14T20:05:51.188+03:00,no,msuka,nursery_msuka,0.0,0.0,0.0,0.0,0.0,0.0,0.0,1.0,0.0,shabani burhani,1,1,0,0,0,0,0,0,0,0,0,0,0,0,0,0,0,0,0,2026-07-01,07:30:00.000+03:00,21:30:00.000+03:00,high,11,27,7,cleaning_and_maintaining,0,0,0,1,,,,,,,,,,10.0,60,15271,5373,240,3120,0,0,8493,Cleaning and maintenance still going on due availability of dusts and algae on the tables,,,810990369,ef8b318e-f531-4741-8957-af8caeddc6aa,2026-07-14T16:36:02,,,submitted_via_web,wcs_tanzania,vqNFtU5FCbU6qmGgWH2f6a,,uuid:a8de2c7a-a5b6-4775-adf7-7cc7daf8806c,13
13,2026-07-14T19:35:54.460+03:00,2026-07-14T19:58:06.396+03:00,no,msuka,nursery_msuka,0.0,0.0,0.0,0.0,0.0,0.0,0.0,1.0,0.0,shabani burhani,1,1,0,0,0,0,0,0,0,0,0,0,0,0,0,0,0,0,0,2026-07-02,07:45:00.000+03:00,15:45:00.000+03:00,low,8,26,6,cleaning_and_maintaining,0,0,0,1,,,,,,,,,,12.0,60,15271,5373,240,3120,0,0,8493,Cleaning and maintenance going on due to presences of dusts and algae on the tables and fragments,,,810996729,5e5ab4ce-6457-44a7-9793-22ab9ef4754e,2026-07-14T16:41:23,,,submitted_via_web,wcs_tanzania,vqNFtU5FCbU6qmGgWH2f6a,,uuid:bd4495ac-30cf-42b1-a333-5807562ae40c,14
14,2026-07-14T19:41:15.120+03:00,2026-07-14T19:57:29.565+03:00,no,msuka,nursery_msuka,0.0,0.0,0.0,0.0,0.0,0.0,0.0,1.0,0.0,shabani burhani,1,1,0,0,0,0,0,0,0,0,0,0,0,0,0,0,0,0,0,2026-07-03,08:00:00.000+03:00,16:00:00.000+03:00,low,7,26,6,cleaning_and_maintaining,0,0,0,1,,,,,,,,,,15.0,60,15271,5373,240,3120,0,0,8493,Cleaning and maintenance still going on,,,811005610,b3f6f548-1e9b-416b-8e79-ecad7f507dca,2026-07-14T16:49:50,,,submitted_via_web,wcs_tanzania,vqNFtU5FCbU6qmGgWH2f6a,,uuid:f191c12a-4e8f-43e7-b2b8-3bed3721c320,15
15,2026-07-14T19:49:41.832+03:00,2026-07-15T11:37:36.899+03:00,no,msuka,transplanting_msuka_panga_punge,0.0,0.0,0.0,0.0,0.0,0.0,0.0,0.0,1.0,shabani burhani,1,1,0,0,0,0,0,0,0,0,0,0,0,0,0,0,0,0,0,2026-07-09,07:45:00.000+03:00,15:40:00.000+03:00,high,13,25,6,transplantation,0,1,0,0,,,520.0,10.0,130.0,520.0,0.0,0.0,,,60,15271,6393,260,3380,0,0,9773,The transplanting activities is going on,,,811519969,abb5d1ab-e051-4862-bd5e-40c06fe89d7d,2026-07-15T08:37:59,,,submitted_via_web,wcs_tanzania,vU7fWA2ufbhKeAhbVCM2aR,,uuid:abb5d1ab-e051-4862-bd5e-40c06fe89d7d,16
16,2026-07-15T11:37:36.924+03:00,2026-07-15T11:44:11.364+03:00,no,msuka,nursery_msuka,0.0,0.0,0.0,0.0,0.0,0.0,0.0,1.0,0.0,shabani burhani,1,1,0,0,0,0,0,0,0,0,0,0,0,0,0,0,0,0,0,2026-07-10,08:30:00.000+03:00,16:20:00.000+03:00,rising,8,26,6,fragmentation,1,0,0,0,672.0,4.0,,,,,,,,,64,15943,6393,260,3380,0,0,0,Team need epoxy and fence wire to proceed with fragmentation,,,811526938,8fc7e36b-bd41-47eb-a1fc-d21cc96e474c,2026-07-15T08:44:12,,,submitted_via_web,wcs_tanzania,vU7fWA2ufbhKeAhbVCM2aR,,uuid:8fc7e36b-bd41-47eb-a1fc-d21cc96e474c,17
17,2026-07-15T11:44:11.389+03:00,2026-07-15T12:12:39.531+03:00,no,msuka,nursery_msuka,0.0,0.0,0.0,0.0,0.0,0.0,0.0,1.0,0.0,shabani burhani,1,1,0,0,0,0,0,0,0,0,0,0,0,0,0,0,0,0,0,2026-07-13,08:05:00.000+03:00,16:00:00.000+03:00,low,8,26,7,transplantation,0,1,0,0,,,480.0,10.0,130.0,480.0,0.0,0.0,,,64,15463,6873,270,3510,0,0,10383,"I would like to report the disturbance at the coral transplantation site, we observed several ragments were no longer secured in their coral clips like 10%",,,811555782,85f261f1-5740-4686-8d28-8a4174c0bc9f,2026-07-15T09:12:42,,,submitted_via_web,wcs_tanzania,vU7fWA2ufbhKeAhbVCM2aR,,uuid:85f261f1-5740-4686-8d28-8a4174c0bc9f,18
18,2026-07-15T12:12:39.554+03:00,2026-07-15T12:21:05.243+03:00,no,msuka,transplanting_msuka_panga_punge,0.0,0.0,0.0,0.0,0.0,0.0,0.0,0.0,1.0,shabani burhani,1,1,0,0,0,0,0,0,0,0,0,0,0,0,0,0,0,0,0,2026-07-14,08:30:00.000+03:00,16:30:00.000+03:00,rising,9,26,6,transplantation,0,1,0,0,,,340.0,10.0,130.0,340.0,0.0,0.0,,,64,15123,7210,280,3640,0,0,10850,The replacement activity takes place today to the disturbed corals,,,811564995,ecf523be-a8b3-4072-a8c3-e5429ac201c1,2026-07-15T09:21:05,,,submitted_via_web,wcs_tanzania,vU7fWA2ufbhKeAhbVCM2aR,,uuid:ecf523be-a8b3-4072-a8c3-e5429ac201c1,19
19,2026-07-15T12:21:05.267+03:00,2026-07-15T21:49:03.117+03:00,no,msuka,transplanting_msuka_panga_punge,0.0,0.0,0.0,0.0,0.0,0.0,0.0,0.0,1.0,shabani burhani,1,1,0,0,0,0,0,0,0,0,0,0,0,0,0,0,0,0,0,2026-07-15,08:45:00.000+03:00,21:45:00.000+03:00,rising,12,27,6,transplantation,0,1,0,0,,,420.0,10.0,130.0,420.0,0.0,0.0,,,64,14703,7603,290,3770,0,0,11400,Team still make replacement of the disturbed coral fragments,,,812141286,87fb6d03-8c1f-4128-9ba3-803e061d2c05,2026-07-15T18:49:33,,,submitted_via_web,wcs_tanzania,vU7fWA2ufbhKeAhbVCM2aR,,uuid:87fb6d03-8c1f-4128-9ba3-803e061d2c05,20
20,2026-07-16T19:42:07.399+03:00,2026-07-16T19:47:33.877+03:00,no,moa,transplanting_kirui_shangani,0.0,1.0,0.0,0.0,0.0,0.0,0.0,0.0,0.0,phares adam yusuf omary nusra pagu hemeduni_abdalla,0,0,1,1,1,1,1,0,0,0,1,0,0,0,0,0,0,1,1,2026-07-16,09:00:00.000+03:00,13:00:00.000+03:00,falling,10,26,8,transplantation,0,1,0,0,,,344.0,0.0,0.0,0.0,1.0,344.0,,,48,11248,2249,305,3965,10,4022,10236,,P5130349-19_47_28.JPG,,813127665,a0a95e17-922f-4b43-ac4a-e59c3322e00e,2026-07-16T16:47:44,,,submitted_via_web,wcs_tanzania,vU7fWA2ufbhKeAhbVCM2aR,,uuid:a0a95e17-922f-4b43-ac4a-e59c3322e00e,21
21,2026-07-15T21:49:03.164+03:00,2026-07-16T20:21:20.027+03:00,no,msuka,transplanting_msuka_panga_punge,0.0,0.0,0.0,0.0,0.0,0.0,0.0,0.0,1.0,shabani burhani,1,1,0,0,0,0,0,0,0,0,0,0,0,0,0,0,0,0,0,2026-07-16,20:30:00.000+03:00,15:30:00.000+03:00,rising,12,25,7,transplantation,0,1,0,0,,,420.0,10.0,130.0,420.0,0.0,0.0,,,64,14283,8023,240,3900,0,0,11923,Team need epoxy for the fragmentation,,,813166498,fb98aa79-7388-40d5-9359-40215b1ac838,2026-07-16T17:21:36,,,submitted_via_web,wcs_tanzania,vU7fWA2ufbhKeAhbVCM2aR,,uuid:fb98aa79-7388-40d5-9359-40215b1ac838,22
22,2026-07-16T20:21:20.078+03:00,2026-07-17T21:09:24.502+03:00,no,msuka,nursery_msuka,0.0,0.0,0.0,0.0,0.0,0.0,0.0,1.0,0.0,shabani burhani,1,1,0,0,0,0,0,0,0,0,0,0,0,0,0,0,0,0,0,2026-07-17,07:15:00.000+03:00,12:05:00.000+03:00,falling,10,26,7,cleaning_and_maintaining,0,0,0,1,,,,,,,,,,12.0,64,14283,8023,300,3900,0,0,11923,Team also went to take COO,,,814289828,201f8009-f81e-4c91-99b0-590c647f9d9f,2026-07-17T18:09:47,,,submitted_via_web,wcs_tanzania,vU7fWA2ufbhKeAhbVCM2aR,,uuid:201f8009-f81e-4c91-99b0-590c647f9d9f,23
23,2026-07-18T20:18:04.070+03:00,2026-07-18T20:26:14.978+03:00,no,moa,transplanting_kirui_shangani,0.0,1.0,0.0,0.0,0.0,0.0,0.0,0.0,0.0,phares adam yusuf omary nusra pagu hemeduni_abdalla,0,0,1,1,1,1,1,0,0,0,1,0,0,0,0,0,0,1,0,2026-07-17,09:00:00.000+03:00,14:00:00.000+03:00,falling,11,26,10,transplantation,0,1,0,0,,,232.0,0.0,0.0,0.0,1.0,232.0,,,48,11248,2249,305,3965,10,4254,10468,none,P5130345-20_23_50.JPG,,814961031,859457e0-fd06-4450-947a-aa082af93f13,2026-07-18T17:24:17,,,submitted_via_web,wcs_tanzania,vU7fWA2ufbhKeAhbVCM2aR,,uuid:3e7d8c3a-19f6-4f93-9070-2e3c40090d32,24
